company_tenure,0,1
2,0.9836621454993835,0.016337854500616523
3,0.7538413782399503,0.24615862176004966
4,0.6519358623386782,0.3480641376613219
5,0.4344874405974202,0.5655125594025797
6,0.7089136490250696,0.29108635097493035
7,1.0,0.0
8,1.0,0.0
10,1.0,0.0
All,0.7619174611640777,0.2380825388359224
