evaluation_range,0,1
very_poor,0.6148867313915858,0.3851132686084142
poor,0.7119414289320879,0.28805857106791216
average,0.9737024221453288,0.02629757785467128
good,0.7712938402593575,0.2287061597406425
excellent,0.6868428530832623,0.3131571469167377
All,0.7619174611640777,0.2380825388359224
