number_project,0,1
2,0.34380234505862645,0.6561976549413735
3,0.9822441430332922,0.01775585696670777
4,0.9063001145475372,0.09369988545246277
5,0.778341180731619,0.22165881926838102
6,0.44207836456558774,0.5579216354344123
7,0.0,1.0
All,0.7619174611640777,0.2380825388359224
