salary,0,1
high,0.9515151515151515,0.048484848484848485
low,0.7954703832752613,0.20452961672473868
medium,0.8538300703288348,0.14616992967116518
