satisfaction_range,0,1
very_poor,0.4866339334424441,0.5133660665575559
poor,0.32505543237250556,0.6749445676274944
average,0.9540973505853358,0.0459026494146642
good,0.8812773628637651,0.11872263713623488
excellent,0.8683236382866208,0.13167636171337915
All,0.7619174611640777,0.2380825388359224
